{
    "items": [
        {
            "Name": "Patrol Points",
            "TextColor": {
                "r": 1.0,
                "g": 1.0,
                "b": 1.0,
                "a": 1.0
            },
            "FontSize": 13,
            "FontStyle": 1,
            "ImageColor": {
                "r": 1.0,
                "g": 0.8941177129745483,
                "b": 0.8823530077934265,
                "a": 1.0
            },
            "ImageType": 6
        }
    ]
}